﻿id,driver_name,vehicle_number,collection_task,collection_segments,collection_location,collection_date,collection_time_period,driving_distance,raw_text,created_at
1,张三,京A12345,北京市区道路采集,5,北京,2025-01-10,白天,120.5,"
    采集员：张三
    车辆编号：京A12345
    采集任务：北京市区道路采集
    采集段数：5
    采集地点：北京
    采集日期：2025-01-10
    采集时段：白天
    行驶里程：120.5公里
    ",2025-08-10 12:53:07
2,张三,京A12345,北京市区道路采集,5,北京,2025-01-10,白天,120.5,"
    采集员：张三
    车辆编号：京A12345
    采集任务：北京市区道路采集
    采集段数：5
    采集地点：北京
    采集日期：2025-01-10
    采集时段：白天
    行驶里程：120.5公里
    ",2025-08-10 12:53:35
3,李四,沪B67890,上海高速公路数据采集,8,上海,2025-01-11,夜晚,200.3,"采集员：李四
        车辆编号：沪B67890
        采集任务：上海高速公路数据采集
        采集段数：8
        采集地点：上海
        采集日期：2025-01-11
        采集时段：夜晚
        行驶里程：200.3公里",2025-08-10 12:54:52
4,王五,粤C11111,广州市区智驾测试,3,广州,2025-01-12,白天,85.7,"司机：王五
        车牌：粤C11111
        项目：广州市区智驾测试
        段数：3
        位置：广州
        时间：2025-01-12
        白天采集
        距离：85.7公里",2025-08-10 12:54:52
5,赵六,京D22222,北京环路采集任务,6,北京,2025-01-13,夜晚,156.8,"姓名：赵六
        车号：京D22222
        任务：北京环路采集任务
        采集了6段
        地点：北京
        日期：2025-01-13
        夜间作业
        里程：156.8公里",2025-08-10 12:54:52
6,钱七,川E33333,成都市智能驾驶数据收集,4,成都,2025-01-14,白天,98.2,"采集员：钱七
        车辆编号：川E33333
        采集任务：成都市智能驾驶数据收集
        采集段数：4
        采集地点：成都
        采集日期：2025-01-14
        采集时段：白天
        行驶里程：98.2公里",2025-08-10 12:54:52
7,孙八,,杭州城区道路测试,7,杭州,2025-01-15,白天,175.6,"司机：孙八
        车牌号：浙F44444
        采集项目：杭州城区道路测试
        完成段数：7
        测试地点：杭州
        测试日期：2025-01-15
        下午时段
        总里程：175.6公里",2025-08-10 12:54:52
